{"baking_tray1": {"w": 0.3500000238418579, "h": 0.23475198447704315}, "baking_tray2": {"w": 0.3000001311302185, "h": 0.21522468328475952}, "blender1": {"w": 0.18190699815750122, "h": 0.30684298276901245}, "blender2": {"w": 0.13111013174057007, "h": 0.21374019980430603}, "bowl1": {"w": 0.16057635843753815, "h": 0.16057634353637695}, "bowl2": {"w": 0.1637430042028427, "h": 0.1637430191040039}, "bowl3": {"w": 0.1707949936389923, "h": 0.17202000319957733}, "chopping_board1": {"w": 0.29900333285331726, "h": 0.29900336265563965}, "chopping_board2": {"w": 0.2999999225139618, "h": 0.20871073007583618}, "chopping_board3": {"w": 0.42120063304901123, "h": 0.1768730878829956}, "coffee_maker1": {"w": 0.18365851044654846, "h": 0.2746120095252991}, "coffee_maker2": {"w": 0.2745818495750427, "h": 0.2732010781764984}, "food_box1": {"w": 0.19917330145835876, "h": 0.21487846970558167}, "food_box2": {"w": 0.17194795608520508, "h": 0.17379993200302124}, "fork1": {"w": 0.0285688117146492, "h": 0.2599989175796509}, "fork2": {"w": 0.028375588357448578, "h": 0.2272282987833023}, "glass1": {"w": 0.09073299914598465, "h": 0.09074200689792633}, "glass2": {"w": 0.08096423745155334, "h": 0.08096423745155334}, "glass3": {"w": 0.06455674767494202, "h": 0.06455673277378082}, "glass4": {"w": 0.08317779004573822, "h": 0.08317776769399643}, "glass5": {"w": 0.1099252700805664, "h": 0.1099252700805664}, "kettle1": {"w": 0.24737846851348877, "h": 0.22117242217063904}, "kettle2": {"w": 0.2086859941482544, "h": 0.2771489918231964}, "knife1": {"w": 0.030055636540055275, "h": 0.25999993085861206}, "knife2": {"w": 0.02562032639980316, "h": 0.22799910604953766}, "mug1": {"w": 0.1329808235168457, "h": 0.09394023567438126}, "mug2": {"w": 0.13527944684028625, "h": 0.09395462274551392}, "mug3": {"w": 0.14733242988586426, "h": 0.10607729852199554}, "pan1": {"w": 0.5125724673271179, "h": 0.2800000309944153}, "pan2": {"w": 0.4008026123046875, "h": 0.2450004667043686}, "plate1": {"w": 0.24434497952461243, "h": 0.24434499442577362}, "plate2": {"w": 0.26309478282928467, "h": 0.26309478282928467}, "pot1": {"w": 0.34041836857795715, "h": 0.27468350529670715}, "pot2": {"w": 0.2889825701713562, "h": 0.16665500402450562}, "scissors1": {"w": 0.14999735355377197, "h": 0.05523377284407616}, "scissors2": {"w": 0.18750014901161194, "h": 0.10651784390211105}, "soda_can": {"w": 0.07929600030183792, "h": 0.07912400364875793}, "spoon1": {"w": 0.042346205562353134, "h": 0.24700063467025757}, "spoon2": {"w": 0.05206473544239998, "h": 0.22199955582618713}, "thermos1": {"w": 0.07354691624641418, "h": 0.073143869638443}, "thermos2": {"w": 0.11704664677381516, "h": 0.08614520728588104}, "toaster1": {"w": 0.3292362689971924, "h": 0.18128782510757446}, "toaster2": {"w": 0.26727232336997986, "h": 0.17075566947460175}, "wine_glass1": {"w": 0.06651605665683746, "h": 0.06651604920625687}, "wine_glass2": {"w": 0.04755834862589836, "h": 0.04755834490060806}, "wine_glass3": {"w": 0.07779000699520111, "h": 0.07778999209403992}}